,MSE,RMSE,MAE,MAPE,R2,Explained Variance,Pearson R,Spearman R
gru_model,7633.658165570078,87.3708084291892,73.56777711647902,9.822024101433128,-8.082701158938635,-4.654367162790169,0.02580106918159055,0.022753780445539874
lstm_model,9242.202829344882,96.13637620248062,79.32320721502163,8.499471826876388,-10.027786239729894,-5.876255138786364,-0.0022909427566806225,0.0004630380717113681
bilstm_model,6713.788284242945,81.93770978153432,68.08029101249373,8.888358981141904,-7.093768932210827,-4.620242337033936,0.02181724636873416,0.02102225286510132
